AHOALFRE/Aho/Alfred V./1941
CORMENTH/Cormen/Thomas H./1956
DASGUPTA/Dasgupta/Sanjoy/0
DEFOURCY/de Fourcy/Lefebure/1787
GERSTING/Gersting/Judith/0
GOLDSTIN/Goldstine/Herman H./1913
HARDYGOD/Hardy/Godfrey H./1877
HOPCROFT/Hopcroft/John E./1939
HUBBARDJ/Hubbard/John R./0
HURAYANI/Huray/Anita/0
LEISERSO/Leiserson/Charles E./1953
PAPADIMI/Papadimitriou/Christos/0
PIETSCHA/Pietsch/Albrecht/1934
PINSONLJ/Pinson/Lewis J./0
RAJARAMA/Rajaraman/Anand/0
RIVESTRO/Rivest/Ronald L./1947
STEINCLI/Stein/Clifford S./1965
SUNDERRA/Sunderraman/Rajshekhar/0
TAITPETE/Tait/Peter G./1831
ULLMANJE/Ullman/Jeffrey D./1942
UMESHVAZ/Umesh/Vazirani/0
WIDOMJEN/Widom/Jennifer/0
WIENERRI/Wiener/Richard/1941
WIRTHNIK/Wirth/Niklaus/1934
WRIGHTED/Wright/Edward M./1906

